Artist,Country,Type,Gender,Rating,Tags
ROSÉ,KR,Person,Female,"{'value': 5, 'votes-count': 1}","[{'count': 2, 'name': 'k-pop'}, {'count': 1, 'name': 'korean ballad'}]"
Bruno Mars,US,Person,Male,"{'value': 3.75, 'votes-count': 4}","[{'name': '2010s', 'count': 1}, {'count': 4, 'name': 'funk'}, {'count': 1, 'name': 'music for soccer moms'}, {'name': 'pop', 'count': 10}, {'count': 2, 'name': 'r&b'}, {'count': 1, 'name': 'relic inn'}, {'count': 1, 'name': 'rock'}, {'count': 1, 'name': 'soul'}]"
Mariah Carey,US,Person,Female,"{'votes-count': 13, 'value': 4.4}","[{'count': 1, 'name': '1990s'}, {'count': 1, 'name': '2000s'}, {'count': 1, 'name': '90s'}, {'name': 'adult contemporary', 'count': 1}, {'count': 3, 'name': 'christmas music'}, {'name': 'contemporary r&b', 'count': 8}, {'name': 'dance-pop', 'count': 6}, {'count': 1, 'name': 'easy listening'}, {'name': 'english', 'count': 1}, {'count': 1, 'name': 'hip hop'}, {'count': 11, 'name': 'pop'}, {'count': 1, 'name': 'pop soul'}, {'name': 'quiet storm', 'count': 1}, {'name': 'r&b', 'count': 1}, {'count': 5, 'name': 'soul'}]"
Wham!,GB,Group,,"{'value': 4.65, 'votes-count': 3}","[{'name': 'christmas music', 'count': 1}, {'name': 'dance-pop', 'count': 2}, {'count': 4, 'name': 'pop'}, {'name': 'queer', 'count': 1}]"
Lady Gaga,US,Person,Female,"{'value': 4.25, 'votes-count': 21}","[{'count': 1, 'name': '2000s'}, {'count': 2, 'name': '2010s'}, {'count': 1, 'name': '2020s'}, {'name': 'adult contemporary', 'count': 1}, {'count': 1, 'name': 'americana'}, {'count': 2, 'name': 'dance'}, {'name': 'dance-pop', 'count': 15}, {'name': 'electro house', 'count': 1}, {'count': 6, 'name': 'electronic'}, {'count': 12, 'name': 'electropop'}, {'name': 'film soundtrack', 'count': 1}, {'name': 'jazz', 'count': 1}, {'count': 1, 'name': 'late 2000s'}, {'count': 18, 'name': 'pop'}, {'count': 9, 'name': 'pop rock'}, {'name': 'synth-pop', 'count': 4}, {'name': 'synthpop', 'count': 3}]"
Bruno Mars,US,Person,Male,"{'votes-count': 4, 'value': 3.75}","[{'count': 1, 'name': '2010s'}, {'count': 4, 'name': 'funk'}, {'count': 1, 'name': 'music for soccer moms'}, {'name': 'pop', 'count': 10}, {'name': 'r&b', 'count': 2}, {'count': 1, 'name': 'relic inn'}, {'name': 'rock', 'count': 1}, {'name': 'soul', 'count': 1}]"
Brenda Lee,,Person,Female,"{'votes-count': 2, 'value': 4.5}","[{'name': '2008 universal fire victim', 'count': 1}, {'name': 'american', 'count': 1}, {'count': 1, 'name': 'classic pop and rock'}, {'count': 2, 'name': 'country'}, {'name': 'pop', 'count': 4}, {'count': 1, 'name': 'rock'}, {'name': 'rock and roll', 'count': 1}, {'name': 'rockabilly', 'count': 1}]"
Bobby Helms,US,Person,Male,"{'value': 3, 'votes-count': 1}","[{'name': '2008 universal fire victim', 'count': 1}, {'count': 1, 'name': 'christmas music'}, {'name': 'country', 'count': 1}, {'count': 1, 'name': 'rockabilly'}]"
Billie Eilish,US,Person,Female,"{'votes-count': 9, 'value': 3.65}","[{'count': 1, 'name': '2010s'}, {'name': '2020s', 'count': 1}, {'name': 'alt-pop', 'count': 2}, {'count': 12, 'name': 'alternative pop'}, {'count': 4, 'name': 'alternative r&b'}, {'name': 'art pop', 'count': 3}, {'name': 'bedroom pop', 'count': 2}, {'name': 'contemporary r&b', 'count': 2}, {'name': 'dark pop', 'count': 7}, {'count': 1, 'name': 'electronic'}, {'name': 'electropop', 'count': 11}, {'name': 'indie pop', 'count': 2}, {'count': 3, 'name': 'pity pop'}, {'name': 'pop', 'count': 6}, {'name': 'pop rock', 'count': 1}, {'name': 'queer', 'count': 1}, {'name': 'singer-songwriter', 'count': 3}]"
Ariana Grande,US,Person,Female,"{'votes-count': 11, 'value': 4.25}","[{'count': 2, 'name': 'contemporary r&b'}, {'name': 'dance-pop', 'count': 3}, {'name': 'pop', 'count': 18}, {'count': 5, 'name': 'r&b'}, {'count': 1, 'name': 'trap soul'}]"
Gracie Abrams,US,Person,Female,"{'votes-count': 0, 'value': None}","[{'count': 1, 'name': 'bedroom pop'}, {'count': 2, 'name': 'folk pop'}, {'count': 1, 'name': 'pop'}, {'count': 1, 'name': 'singer-songwriter'}]"
Kelly Clarkson,US,Person,Female,"{'votes-count': 2, 'value': 4.5}","[{'count': 1, 'name': 'music for soccer moms'}, {'count': 4, 'name': 'pop'}, {'name': 'pop rock', 'count': 1}]"
Michael Bublé,CA,Person,Male,"{'value': 4, 'votes-count': 3}","[{'name': 'big band', 'count': 1}, {'count': 2, 'name': 'canadian'}, {'count': 1, 'name': 'crazy love'}, {'count': 1, 'name': 'easy listening'}, {'name': 'easy listening soundtracks and musicals', 'count': 1}, {'name': 'jazz', 'count': 5}, {'count': 1, 'name': 'music for soccer moms'}, {'name': 'pop', 'count': 1}, {'name': 'swing', 'count': 1}]"
Dean Martin,US,Person,Male,"{'value': 3.65, 'votes-count': 6}","[{'count': 1, 'name': 'big band'}, {'count': 1, 'name': 'christmas music'}, {'name': 'country pop', 'count': 1}, {'count': 4, 'name': 'pop'}, {'count': 1, 'name': 'standards'}, {'count': 1, 'name': 'traditional pop'}, {'name': 'vocal jazz', 'count': 1}]"
Kendrick Lamar,US,Person,Male,"{'value': 4.1, 'votes-count': 9}","[{'count': 1, 'name': 'alternative hip hop'}, {'count': 8, 'name': 'conscious hip hop'}, {'name': 'hardcore hip hop', 'count': 4}, {'count': 13, 'name': 'hip hop'}, {'name': 'jazz rap', 'count': 7}, {'count': 3, 'name': 'pop'}, {'count': 2, 'name': 'pop rap'}, {'name': 'rap', 'count': 3}, {'name': 'trap', 'count': 1}, {'name': 'west coast hip hop', 'count': 6}]"
SZA,US,Person,Female,"{'votes-count': 0, 'value': None}","[{'count': 1, 'name': 'alternative r&b'}, {'count': 1, 'name': 'american'}, {'name': 'contemporary r&b', 'count': 2}, {'count': 1, 'name': 'electronic'}, {'name': 'hip hop soul', 'count': 1}, {'count': 1, 'name': 'neo soul'}, {'count': 1, 'name': 'pop'}, {'count': 2, 'name': 'r&b'}]"
Andy Williams,US,Person,Male,"{'value': 3.5, 'votes-count': 2}","[{'count': 1, 'name': 'christmas music'}, {'name': 'easy listening', 'count': 1}, {'name': 'easy listening soundtracks and musicals', 'count': 1}, {'name': 'jazz', 'count': 1}]"
José Feliciano,US,Person,Male,"{'value': 4.25, 'votes-count': 4}","[{'count': 1, 'name': 'acoustic guitar'}, {'count': 2, 'name': 'bolero'}, {'name': 'christmas music', 'count': 1}, {'count': 1, 'name': 'folk pop'}, {'name': 'latin', 'count': 1}, {'count': 2, 'name': 'latin pop'}, {'count': 1, 'name': 'latin soul'}, {'count': 1, 'name': 'pop'}]"
Sia,AU,Person,Female,"{'value': 4.9, 'votes-count': 10}","[{'count': 1, 'name': 'alternative pop'}, {'name': 'art pop', 'count': 1}, {'name': 'australian', 'count': 2}, {'count': 4, 'name': 'dance-pop'}, {'count': 6, 'name': 'electropop'}, {'count': 4, 'name': 'indie pop'}, {'count': 9, 'name': 'pop'}]"
The Ronettes,US,Group,,"{'value': 5, 'votes-count': 1}","[{'count': 1, 'name': 'baroque pop'}, {'name': 'brill building', 'count': 1}, {'name': 'girl group', 'count': 1}, {'count': 2, 'name': 'pop'}, {'name': 'pop soul', 'count': 1}]"
Sabrina Carpenter,US,Person,Female,"{'value': 5, 'votes-count': 4}","[{'count': 1, 'name': 'alternative pop'}, {'name': 'electropop', 'count': 1}, {'name': 'pop', 'count': 4}]"
Benson Boone,US,Person,Male,"{'votes-count': 0, 'value': None}","[{'name': 'pop', 'count': 2}, {'count': 1, 'name': 'pop rock'}]"
Burl Ives,US,Person,Male,"{'votes-count': 0, 'value': None}","[{'name': '2008 universal fire victim', 'count': 1}, {'count': 1, 'name': 'american'}, {'count': 2, 'name': 'christmas music'}, {'name': 'classic pop and rock', 'count': 1}]"
Kendrick Lamar,US,Person,Male,"{'value': 4.1, 'votes-count': 9}","[{'count': 1, 'name': 'alternative hip hop'}, {'count': 8, 'name': 'conscious hip hop'}, {'name': 'hardcore hip hop', 'count': 4}, {'count': 13, 'name': 'hip hop'}, {'name': 'jazz rap', 'count': 7}, {'count': 3, 'name': 'pop'}, {'count': 2, 'name': 'pop rap'}, {'name': 'rap', 'count': 3}, {'name': 'trap', 'count': 1}, {'name': 'west coast hip hop', 'count': 6}]"
Lefty GunPlay,,Person,Male,"{'value': None, 'votes-count': 0}",[]
Nat Cole,JM,Person,Male,"{'value': None, 'votes-count': 0}",[]
ROSÉ,KR,Person,Female,"{'value': 5, 'votes-count': 1}","[{'name': 'k-pop', 'count': 2}, {'count': 1, 'name': 'korean ballad'}]"
Teddy Swims,US,Person,Male,"{'value': 4, 'votes-count': 1}","[{'count': 1, 'name': 'alternative rock'}, {'name': 'country', 'count': 1}, {'count': 1, 'name': 'rhythm & blues'}, {'name': 'rock', 'count': 1}, {'count': 1, 'name': 'soul'}]"
Jimin,KR,Person,Male,"{'votes-count': 1, 'value': 5}","[{'count': 1, 'name': 'ballad'}, {'count': 1, 'name': 'dance-pop'}, {'count': 1, 'name': 'edm'}, {'count': 1, 'name': 'pop'}, {'name': 'r&b', 'count': 1}]"
The Weeknd,CA,Person,Male,"{'value': 4.85, 'votes-count': 7}","[{'count': 2, 'name': '2010s'}, {'count': 2, 'name': '2020s'}, {'count': 4, 'name': 'alternative r&b'}, {'name': 'contemporary r&b', 'count': 5}, {'count': 3, 'name': 'dance-pop'}, {'count': 1, 'name': 'hypnagogic pop'}, {'name': 'r&b', 'count': 7}, {'name': 'synth-pop', 'count': 3}]"
Playboi Carti,US,Person,Male,"{'value': 4, 'votes-count': 1}","[{'count': 3, 'name': 'cloud rap'}, {'count': 2, 'name': 'english'}, {'count': 6, 'name': 'hip hop'}, {'count': 3, 'name': 'plugg'}, {'name': 'rage', 'count': 2}, {'count': 4, 'name': 'rap'}, {'count': 4, 'name': 'southern hip hop'}, {'count': 5, 'name': 'trap'}]"
Gigi Perez,,Person,Female,"{'votes-count': 1, 'value': 5}","[{'name': 'indie folk', 'count': 1}, {'count': 1, 'name': 'indie pop'}, {'name': 'queer', 'count': 1}]"
Billie Eilish,US,Person,Female,"{'value': 3.65, 'votes-count': 9}","[{'name': '2010s', 'count': 1}, {'count': 1, 'name': '2020s'}, {'name': 'alt-pop', 'count': 2}, {'count': 12, 'name': 'alternative pop'}, {'count': 4, 'name': 'alternative r&b'}, {'count': 3, 'name': 'art pop'}, {'count': 2, 'name': 'bedroom pop'}, {'count': 2, 'name': 'contemporary r&b'}, {'count': 7, 'name': 'dark pop'}, {'count': 1, 'name': 'electronic'}, {'count': 11, 'name': 'electropop'}, {'name': 'indie pop', 'count': 2}, {'name': 'pity pop', 'count': 3}, {'count': 6, 'name': 'pop'}, {'name': 'pop rock', 'count': 1}, {'name': 'queer', 'count': 1}, {'count': 3, 'name': 'singer-songwriter'}]"
Chappell Roan,US,Person,Female,"{'value': 5, 'votes-count': 2}","[{'count': 4, 'name': 'alternative pop'}, {'count': 4, 'name': 'dance-pop'}, {'name': 'gay pop', 'count': 2}, {'count': 3, 'name': 'indie pop'}, {'count': 3, 'name': 'pop'}, {'name': 'queer', 'count': 7}, {'count': 6, 'name': 'synth-pop'}]"
Paul McCartney,GB,Person,Male,"{'value': 4.65, 'votes-count': 6}","[{'name': '70s', 'count': 1}, {'name': '80s', 'count': 1}, {'name': '90s', 'count': 1}, {'name': 'british', 'count': 3}, {'name': 'classic pop and rock', 'count': 1}, {'count': 1, 'name': 'classical'}, {'count': 1, 'name': 'composer'}, {'name': 'english', 'count': 1}, {'count': 1, 'name': 'folk'}, {'count': 1, 'name': 'grammy winner'}, {'name': 'male vocalists', 'count': 1}, {'name': 'pop', 'count': 8}, {'name': 'pop rock', 'count': 5}, {'count': 1, 'name': 'pop soul'}, {'count': 1, 'name': 'pop/rock'}, {'count': 3, 'name': 'rock'}, {'count': 3, 'name': 'rock & roll'}, {'name': 'rock and roll', 'count': 2}, {'name': 'singer-songwriter', 'count': 2}, {'name': 'singer/songwriter', 'count': 2}, {'count': 1, 'name': 'soft rock'}, {'count': 1, 'name': 'standards'}, {'name': 'synthpop', 'count': 1}, {'name': 'the beatles', 'count': 1}, {'name': 'uk', 'count': 1}, {'count': 1, 'name': 'united kingdom'}, {'name': 'western classical music', 'count': 1}]"
Ed Sheeran,GB,Person,Male,"{'votes-count': 5, 'value': 4.4}","[{'count': 1, 'name': '2010s'}, {'count': 3, 'name': 'dance-pop'}, {'count': 3, 'name': 'folk'}, {'name': 'folk pop', 'count': 5}, {'count': 2, 'name': 'guitarist'}, {'name': 'music for soccer moms', 'count': 2}, {'count': 9, 'name': 'pop'}, {'count': 2, 'name': 'singer'}, {'name': 'singer-songwriter', 'count': 2}, {'name': 'uk', 'count': 2}]"
Elton John,GB,Person,Male,"{'votes-count': 13, 'value': 4.1}","[{'name': '2008 universal fire victim', 'count': 1}, {'name': 'adult contemporary', 'count': 4}, {'name': 'british', 'count': 2}, {'count': 8, 'name': 'piano rock'}, {'name': 'pop', 'count': 12}, {'name': 'pop rock', 'count': 8}, {'count': 4, 'name': 'rock'}, {'name': 'rock and roll', 'count': 2}, {'count': 2, 'name': 'singer-songwriter'}, {'name': 'singer/songwriter', 'count': 2}, {'name': 'soft rock', 'count': 2}]"
Oscar Maydon,,,,"{'votes-count': 0, 'value': None}",[]
Fuerza Regida,MX,Group,,"{'value': 5, 'votes-count': 1}","[{'count': 1, 'name': 'regional mexicano'}]"
Lola Young,GB,Person,Female,"{'value': None, 'votes-count': 0}",[]
Sabrina Carpenter,US,Person,Female,"{'votes-count': 4, 'value': 5}","[{'count': 1, 'name': 'alternative pop'}, {'name': 'electropop', 'count': 1}, {'name': 'pop', 'count': 4}]"
Kendrick Lamar,US,Person,Male,"{'value': 4.1, 'votes-count': 9}","[{'name': 'alternative hip hop', 'count': 1}, {'count': 8, 'name': 'conscious hip hop'}, {'count': 4, 'name': 'hardcore hip hop'}, {'name': 'hip hop', 'count': 13}, {'count': 7, 'name': 'jazz rap'}, {'name': 'pop', 'count': 3}, {'count': 2, 'name': 'pop rap'}, {'name': 'rap', 'count': 3}, {'count': 1, 'name': 'trap'}, {'name': 'west coast hip hop', 'count': 6}]"
KAROL G,CO,Person,Female,"{'value': 2.5, 'votes-count': 2}","[{'name': 'latin', 'count': 1}, {'count': 1, 'name': 'latin urban'}, {'count': 1, 'name': 'r&b'}, {'count': 2, 'name': 'reggaeton'}, {'name': 'spanish', 'count': 1}]"
Justin Bieber,CA,Person,Male,"{'votes-count': 16, 'value': 3.25}","[{'count': 2, 'name': '2010s'}, {'name': '2020s', 'count': 2}, {'count': 19, 'name': 'pop'}, {'count': 9, 'name': 'teen pop'}]"
Darlene Love,US,Person,Female,"{'votes-count': 0, 'value': None}","[{'name': 'likedis auto', 'count': 1}, {'name': 'pop', 'count': 1}]"
Michael Bublé,CA,Person,Male,"{'votes-count': 3, 'value': 4}","[{'count': 1, 'name': 'big band'}, {'count': 2, 'name': 'canadian'}, {'count': 1, 'name': 'crazy love'}, {'count': 1, 'name': 'easy listening'}, {'name': 'easy listening soundtracks and musicals', 'count': 1}, {'count': 5, 'name': 'jazz'}, {'count': 1, 'name': 'music for soccer moms'}, {'count': 1, 'name': 'pop'}, {'name': 'swing', 'count': 1}]"
Sabrina Carpenter,US,Person,Female,"{'votes-count': 4, 'value': 5}","[{'count': 1, 'name': 'alternative pop'}, {'name': 'electropop', 'count': 1}, {'name': 'pop', 'count': 4}]"
Shaboozey,US,Person,Male,"{'value': None, 'votes-count': 0}","[{'count': 1, 'name': 'country'}, {'count': 1, 'name': 'hip hop'}]"
Mitchell Ayres and His Orchestra,US,Group,,"{'votes-count': 0, 'value': None}",[]
Chuck Berry,US,Person,Male,"{'votes-count': 6, 'value': 4.65}","[{'count': 3, 'name': 'blues'}, {'name': 'blues rock', 'count': 2}, {'name': 'classic rock', 'count': 1}, {'count': 3, 'name': 'rhythm & blues'}, {'name': 'rhythm and blues', 'count': 1}, {'name': 'rock', 'count': 4}, {'count': 2, 'name': 'rock & roll'}, {'name': 'rock and roll', 'count': 7}, {'name': 'rock-and-roll', 'count': 1}, {'name': 'rockabilly', 'count': 2}, {'count': 1, 'name': 'soul'}]"
Stromae,BE,Person,Male,"{'value': 4, 'votes-count': 7}","[{'count': 1, 'name': 'art pop'}, {'count': 6, 'name': 'dance-pop'}, {'count': 3, 'name': 'electro house'}, {'count': 5, 'name': 'electropop'}, {'count': 1, 'name': 'french pop'}, {'count': 1, 'name': 'hip house'}]"
Pomme,FR,Person,Female,"{'value': 3.5, 'votes-count': 2}","[{'name': 'ambient pop', 'count': 1}, {'count': 1, 'name': 'chamber folk'}, {'name': 'chamber pop', 'count': 1}, {'count': 5, 'name': 'chanson française'}, {'name': 'folk pop', 'count': 1}, {'name': 'singer-songwriter', 'count': 1}]"
Frank Sinatra,US,Person,Male,"{'value': 4.1, 'votes-count': 10}","[{'name': 'big band', 'count': 2}, {'count': 1, 'name': 'christmas'}, {'count': 2, 'name': 'christmas music'}, {'name': 'easy listening', 'count': 1}, {'name': 'jazz', 'count': 9}, {'name': 'standards', 'count': 2}, {'count': 7, 'name': 'swing'}, {'count': 4, 'name': 'traditional pop'}, {'count': 1, 'name': 'vocal'}, {'count': 5, 'name': 'vocal jazz'}]"
Gordon Jenkins,US,Person,Male,"{'value': None, 'votes-count': 0}","[{'count': 1, 'name': '2008 universal fire victim'}]"
Sabrina Carpenter,US,Person,Female,"{'value': 5, 'votes-count': 4}","[{'count': 1, 'name': 'alternative pop'}, {'name': 'electropop', 'count': 1}, {'name': 'pop', 'count': 4}]"
John Williams,US,Person,Male,"{'value': 4.75, 'votes-count': 8}","[{'count': 1, 'name': '2008 universal fire victim'}, {'name': 'academy award winner', 'count': 1}, {'name': 'american', 'count': 1}, {'name': 'american composer', 'count': 1}, {'name': 'classical', 'count': 8}, {'name': 'composer', 'count': 5}, {'count': 3, 'name': 'conductor'}, {'name': 'contemporary classical', 'count': 2}, {'name': 'easy listening soundtracks and musicals', 'count': 1}, {'name': 'film', 'count': 1}, {'name': 'film composer', 'count': 4}, {'name': 'film score', 'count': 1}, {'count': 1, 'name': 'film soundtrack'}, {'name': 'game', 'count': 1}, {'count': 1, 'name': 'grammy winner'}, {'count': 1, 'name': 'jazz'}, {'count': 2, 'name': 'modern classical'}, {'count': 4, 'name': 'orchestral'}, {'count': 1, 'name': 'pianist'}, {'count': 1, 'name': 'saga'}, {'name': 'score', 'count': 3}, {'count': 1, 'name': 'server name'}, {'count': 12, 'name': 'soundtrack'}, {'name': 'soundtracks', 'count': 1}, {'name': 'star wars', 'count': 1}, {'count': 1, 'name': 'suboptimal credits'}, {'name': 'vgm', 'count': 1}, {'count': 1, 'name': 'video game'}, {'count': 1, 'name': 'western classical'}]"
Plastic Ono Band,GB,Group,,"{'value': None, 'votes-count': 0}","[{'count': 1, 'name': 'rock'}]"
Rauw Alejandro,PR,Person,Male,"{'value': 5, 'votes-count': 1}","[{'count': 2, 'name': 'hip hop'}, {'name': 'latin', 'count': 4}, {'name': 'latin urban', 'count': 4}, {'name': 'reggaeton', 'count': 2}, {'name': 'trap latino', 'count': 2}]"
Romeo Santos,US,Person,Male,"{'value': 5, 'votes-count': 1}","[{'name': 'bachata', 'count': 2}, {'name': 'latin', 'count': 2}, {'count': 1, 'name': 'música tropical'}]"
Rauw Alejandro,PR,Person,Male,"{'value': 5, 'votes-count': 1}","[{'count': 2, 'name': 'hip hop'}, {'name': 'latin', 'count': 4}, {'name': 'latin urban', 'count': 4}, {'count': 2, 'name': 'reggaeton'}, {'count': 2, 'name': 'trap latino'}]"
Bad Bunny,PR,Person,Male,"{'votes-count': 3, 'value': 4.65}","[{'count': 1, 'name': 'hip hop'}, {'count': 1, 'name': 'latin'}, {'count': 3, 'name': 'latin trap'}, {'name': 'latin urban', 'count': 2}, {'count': 2, 'name': 'reggaeton'}, {'count': 1, 'name': 'spanish'}, {'name': 'trap latino', 'count': 1}]"
Nat King Cole,US,Person,Male,"{'votes-count': 4, 'value': 4.25}","[{'count': 1, 'name': 'anthology'}, {'name': 'easy listening', 'count': 3}, {'count': 7, 'name': 'jazz'}, {'count': 2, 'name': 'pop'}, {'count': 1, 'name': 'r&b'}, {'count': 2, 'name': 'standards'}, {'name': 'swing', 'count': 3}, {'count': 2, 'name': 'traditional pop'}, {'name': 'vocal jazz', 'count': 5}]"
Elvis Presley,US,Person,Male,"{'value': 4.25, 'votes-count': 12}","[{'count': 3, 'name': 'blue-eyed soul'}, {'name': 'blues', 'count': 3}, {'count': 1, 'name': 'christmas music'}, {'name': 'country', 'count': 5}, {'count': 2, 'name': 'film soundtrack'}, {'name': 'gospel', 'count': 3}, {'count': 5, 'name': 'pop'}, {'count': 1, 'name': 'pop rock'}, {'count': 1, 'name': 'r&b'}, {'name': 'rock', 'count': 3}, {'count': 3, 'name': 'rock & roll'}, {'name': 'rock and roll', 'count': 6}, {'count': 1, 'name': 'rock n roll'}, {'name': 'rock-and-roll', 'count': 1}, {'count': 8, 'name': 'rockabilly'}]"
Hozier,IE,Person,Male,"{'votes-count': 1, 'value': 3}","[{'count': 2, 'name': 'blues'}, {'name': 'blues rock', 'count': 4}, {'count': 1, 'name': 'chamber pop'}, {'name': 'folk rock', 'count': 1}, {'count': 2, 'name': 'indie rock'}, {'count': 1, 'name': 'pop rock'}, {'count': 3, 'name': 'pop soul'}, {'count': 1, 'name': 'rock'}, {'name': 'singer-songwriter', 'count': 1}, {'name': 'soul', 'count': 2}]"
Band Aid,,Group,,"{'votes-count': 1, 'value': 4}","[{'name': 'british', 'count': 1}]"
Gracie Abrams,US,Person,Female,"{'votes-count': 0, 'value': None}","[{'count': 1, 'name': 'bedroom pop'}, {'count': 2, 'name': 'folk pop'}, {'name': 'pop', 'count': 1}, {'name': 'singer-songwriter', 'count': 1}]"
Bing Crosby,US,Person,Male,"{'votes-count': 3, 'value': 3}","[{'name': '2008 universal fire victim', 'count': 1}, {'count': 1, 'name': 'american'}, {'count': 1, 'name': 'film soundtrack'}, {'name': 'jazz', 'count': 4}, {'count': 2, 'name': 'pop'}, {'name': 'standards', 'count': 1}, {'name': 'traditional pop', 'count': 1}, {'name': 'vocal jazz', 'count': 2}]"
John Scott Trotter,US,Person,Male,"{'votes-count': 0, 'value': None}",[]
Duke Ellington and His Orchestra,US,Orchestra,,"{'votes-count': 2, 'value': 5}","[{'count': 3, 'name': 'big band'}, {'count': 2, 'name': 'jazz'}, {'count': 1, 'name': 'swing'}]"
Tito Double P,,Person,Male,"{'value': 5, 'votes-count': 1}","[{'name': 'corrido', 'count': 1}, {'count': 1, 'name': 'latin'}, {'count': 1, 'name': 'regional mexicano'}]"
Eartha Kitt,US,Person,Female,"{'value': None, 'votes-count': 0}","[{'count': 1, 'name': '2008 universal fire victim'}, {'name': 'american', 'count': 1}, {'name': 'death by cancer', 'count': 1}, {'count': 1, 'name': 'easy listening'}, {'count': 1, 'name': 'jazz'}, {'count': 1, 'name': 'vocal jazz'}]"
"Tyler, The Creator",US,Person,Male,"{'value': 4.75, 'votes-count': 4}","[{'name': '_fix whosampled dupe url', 'count': 1}, {'name': 'hardcore hip hop', 'count': 2}, {'name': 'hip hop', 'count': 3}, {'count': 1, 'name': 'horrorcore'}, {'name': 'west coast hip hop', 'count': 1}]"
Sexyy Red,US,Person,Female,"{'value': None, 'votes-count': 0}","[{'name': 'hip hop', 'count': 1}, {'count': 1, 'name': 'trap'}]"
Lil Wayne,US,Person,Male,"{'value': 4.1, 'votes-count': 9}","[{'count': 1, 'name': '2000s'}, {'count': 1, 'name': '2010s'}, {'count': 1, 'name': 'criminal'}, {'count': 9, 'name': 'gangsta rap'}, {'name': 'hip hop', 'count': 6}, {'name': 'pop', 'count': 1}, {'count': 3, 'name': 'pop rap'}, {'name': 'r&b', 'count': 3}, {'name': 'rap rock', 'count': 3}, {'name': 'rock', 'count': 1}, {'count': 7, 'name': 'southern hip hop'}, {'count': 1, 'name': 'trap'}]"
aespa,KR,Group,,"{'value': 5, 'votes-count': 1}","[{'name': '2020s', 'count': 1}, {'name': '4th gen k-pop', 'count': 1}, {'count': 2, 'name': 'dance-pop'}, {'count': 2, 'name': 'electropop'}, {'name': 'girl group', 'count': 3}, {'name': 'k-pop', 'count': 5}, {'name': 'pop', 'count': 1}]"
Shakin’ Stevens,GB,Person,Male,"{'votes-count': 3, 'value': 4.35}","[{'name': 'british', 'count': 1}, {'name': 'rock', 'count': 1}, {'count': 1, 'name': 'uk'}, {'name': 'welsh', 'count': 1}]"
Post Malone,US,Person,Male,"{'value': 5, 'votes-count': 1}","[{'name': '2010s', 'count': 1}, {'count': 1, 'name': '2020s'}, {'count': 1, 'name': 'contemporary r&b'}, {'count': 1, 'name': 'country'}, {'count': 1, 'name': 'english'}, {'count': 5, 'name': 'hip hop'}, {'count': 2, 'name': 'pop rap'}, {'count': 2, 'name': 'trap'}]"
Morgan Wallen,US,Person,Male,"{'votes-count': 0, 'value': None}","[{'name': 'country', 'count': 2}, {'count': 1, 'name': 'country pop'}]"
The Beach Boys,US,Group,,"{'votes-count': 20, 'value': 4.45}","[{'count': 1, 'name': 'american'}, {'count': 5, 'name': 'baroque pop'}, {'count': 1, 'name': 'classic rock'}, {'count': 9, 'name': 'pop'}, {'name': 'pop rock', 'count': 6}, {'name': 'progressive pop', 'count': 3}, {'name': 'psychedelic pop', 'count': 6}, {'count': 1, 'name': 'rock'}, {'count': 7, 'name': 'sunshine pop'}, {'count': 14, 'name': 'surf rock'}, {'name': 'vocal surf', 'count': 2}]"
Jonas Brothers,US,Group,,"{'value': 4, 'votes-count': 5}","[{'count': 3, 'name': 'pop rock'}, {'name': 'teen pop', 'count': 4}]"
Kendrick Lamar,US,Person,Male,"{'value': 4.1, 'votes-count': 9}","[{'count': 1, 'name': 'alternative hip hop'}, {'name': 'conscious hip hop', 'count': 8}, {'name': 'hardcore hip hop', 'count': 4}, {'name': 'hip hop', 'count': 13}, {'name': 'jazz rap', 'count': 7}, {'count': 3, 'name': 'pop'}, {'name': 'pop rap', 'count': 2}, {'count': 3, 'name': 'rap'}, {'count': 1, 'name': 'trap'}, {'name': 'west coast hip hop', 'count': 6}]"
Blessd,CO,Person,Male,"{'votes-count': 0, 'value': None}","[{'count': 1, 'name': 'latin'}, {'name': 'reggaeton', 'count': 1}]"
Ovy on the Drums,CO,Person,Male,"{'value': None, 'votes-count': 0}","[{'name': 'latin', 'count': 1}, {'name': 'reggaeton', 'count': 1}]"
Stray Kids,KR,Group,,"{'value': 5, 'votes-count': 1}","[{'name': '4th gen k-pop', 'count': 1}, {'name': 'boy band', 'count': 2}, {'name': 'boy group', 'count': 3}, {'count': 1, 'name': 'electropop'}, {'name': 'k-pop', 'count': 3}, {'count': 1, 'name': 'pop rap'}, {'count': 1, 'name': 'trap'}, {'name': 'trap edm', 'count': 1}]"
Pentatonix,US,Group,,"{'votes-count': 5, 'value': 3.2}","[{'name': 'a cappella', 'count': 5}, {'name': 'close harmony', 'count': 1}, {'name': 'pop', 'count': 3}, {'name': 'vocal', 'count': 1}]"
"Tyler, The Creator",US,Person,Male,"{'value': 4.75, 'votes-count': 4}","[{'name': '_fix whosampled dupe url', 'count': 1}, {'count': 2, 'name': 'hardcore hip hop'}, {'count': 3, 'name': 'hip hop'}, {'name': 'horrorcore', 'count': 1}, {'count': 1, 'name': 'west coast hip hop'}]"
Lola Young,GB,Person,Female,"{'votes-count': 0, 'value': None}",[]
Ariana Grande,US,Person,Female,"{'value': 4.25, 'votes-count': 11}","[{'count': 2, 'name': 'contemporary r&b'}, {'count': 3, 'name': 'dance-pop'}, {'name': 'pop', 'count': 18}, {'count': 5, 'name': 'r&b'}, {'count': 1, 'name': 'trap soul'}]"
Gene Autry,US,Person,Male,"{'votes-count': 1, 'value': 4}","[{'name': 'christmas music', 'count': 1}, {'name': 'country', 'count': 3}, {'count': 1, 'name': 'country yodeling'}, {'count': 2, 'name': 'cowboy'}, {'count': 1, 'name': 'hillbilly'}, {'name': 'holiday music', 'count': 1}, {'name': 'traditional country', 'count': 1}, {'count': 1, 'name': 'western'}]"
Eagles,US,Group,,"{'votes-count': 14, 'value': 4.65}","[{'name': '2008 universal fire victim', 'count': 1}, {'count': 1, 'name': 'classic rock'}, {'name': 'country rock', 'count': 9}, {'count': 2, 'name': 'folk rock'}, {'count': 1, 'name': 'pop'}, {'name': 'pop rock', 'count': 1}, {'name': 'rock', 'count': 10}, {'name': 'soft rock', 'count': 2}]"
ROSÉ,KR,Person,Female,"{'value': 5, 'votes-count': 1}","[{'name': 'k-pop', 'count': 2}, {'count': 1, 'name': 'korean ballad'}]"
Tito Double P,,Person,Male,"{'value': 5, 'votes-count': 1}","[{'count': 1, 'name': 'corrido'}, {'name': 'latin', 'count': 1}, {'name': 'regional mexicano', 'count': 1}]"
The Weeknd,CA,Person,Male,"{'votes-count': 7, 'value': 4.85}","[{'count': 2, 'name': '2010s'}, {'count': 2, 'name': '2020s'}, {'count': 4, 'name': 'alternative r&b'}, {'name': 'contemporary r&b', 'count': 5}, {'count': 3, 'name': 'dance-pop'}, {'name': 'hypnagogic pop', 'count': 1}, {'name': 'r&b', 'count': 7}, {'name': 'synth-pop', 'count': 3}]"
Ariana Grande,US,Person,Female,"{'value': 4.25, 'votes-count': 11}","[{'count': 2, 'name': 'contemporary r&b'}, {'count': 3, 'name': 'dance-pop'}, {'name': 'pop', 'count': 18}, {'count': 5, 'name': 'r&b'}, {'count': 1, 'name': 'trap soul'}]"
Cynthia Erivo,GB,Person,Female,"{'votes-count': 0, 'value': None}","[{'name': 'soul', 'count': 1}]"
Ariana Grande,US,Person,Female,"{'value': 4.25, 'votes-count': 11}","[{'count': 2, 'name': 'contemporary r&b'}, {'count': 3, 'name': 'dance-pop'}, {'count': 18, 'name': 'pop'}, {'name': 'r&b', 'count': 5}, {'name': 'trap soul', 'count': 1}]"
Gwen Stefani,US,Person,Female,"{'value': 3.75, 'votes-count': 4}","[{'count': 1, 'name': '2008 universal fire victim'}, {'count': 1, 'name': 'contemporary r&b'}, {'name': 'dance-pop', 'count': 2}, {'count': 1, 'name': 'electropop'}, {'count': 5, 'name': 'pop'}, {'count': 1, 'name': 'pop rap'}, {'count': 1, 'name': 'pop rock'}]"
Blake Shelton,US,Person,Male,"{'value': 4, 'votes-count': 1}","[{'count': 1, 'name': 'bro-country'}, {'name': 'contemporary country', 'count': 2}, {'count': 4, 'name': 'country'}, {'name': 'country pop', 'count': 1}]"
Teddy Swims,US,Person,Male,"{'value': 4, 'votes-count': 1}","[{'count': 1, 'name': 'alternative rock'}, {'name': 'country', 'count': 1}, {'count': 1, 'name': 'rhythm & blues'}, {'name': 'rock', 'count': 1}, {'count': 1, 'name': 'soul'}]"
John Williams,US,Person,Male,"{'votes-count': 8, 'value': 4.75}","[{'name': '2008 universal fire victim', 'count': 1}, {'count': 1, 'name': 'academy award winner'}, {'count': 1, 'name': 'american'}, {'count': 1, 'name': 'american composer'}, {'name': 'classical', 'count': 8}, {'name': 'composer', 'count': 5}, {'count': 3, 'name': 'conductor'}, {'name': 'contemporary classical', 'count': 2}, {'name': 'easy listening soundtracks and musicals', 'count': 1}, {'name': 'film', 'count': 1}, {'count': 4, 'name': 'film composer'}, {'name': 'film score', 'count': 1}, {'name': 'film soundtrack', 'count': 1}, {'name': 'game', 'count': 1}, {'name': 'grammy winner', 'count': 1}, {'name': 'jazz', 'count': 1}, {'count': 2, 'name': 'modern classical'}, {'count': 4, 'name': 'orchestral'}, {'count': 1, 'name': 'pianist'}, {'name': 'saga', 'count': 1}, {'count': 3, 'name': 'score'}, {'count': 1, 'name': 'server name'}, {'name': 'soundtrack', 'count': 12}, {'count': 1, 'name': 'soundtracks'}, {'count': 1, 'name': 'star wars'}, {'count': 1, 'name': 'suboptimal credits'}, {'count': 1, 'name': 'vgm'}, {'name': 'video game', 'count': 1}, {'count': 1, 'name': 'western classical'}]"
Tito Double P,,Person,Male,"{'votes-count': 1, 'value': 5}","[{'name': 'corrido', 'count': 1}, {'count': 1, 'name': 'latin'}, {'name': 'regional mexicano', 'count': 1}]"
Peso Pluma,MX,Person,Male,"{'votes-count': 0, 'value': None}","[{'count': 1, 'name': 'corrido tumbado'}, {'name': 'regional mexicano', 'count': 1}]"
Vince Guaraldi Trio,US,Group,,"{'value': 5, 'votes-count': 2}","[{'count': 1, 'name': 'jazz'}]"
Elton John,GB,Person,Male,"{'votes-count': 13, 'value': 4.1}","[{'name': '2008 universal fire victim', 'count': 1}, {'name': 'adult contemporary', 'count': 4}, {'name': 'british', 'count': 2}, {'count': 8, 'name': 'piano rock'}, {'name': 'pop', 'count': 12}, {'name': 'pop rock', 'count': 8}, {'count': 4, 'name': 'rock'}, {'name': 'rock and roll', 'count': 2}, {'count': 2, 'name': 'singer-songwriter'}, {'name': 'singer/songwriter', 'count': 2}, {'name': 'soft rock', 'count': 2}]"
G‐Dragon,KR,Person,Male,"{'value': 2.75, 'votes-count': 4}","[{'count': 1, 'name': 'k-pop'}]"
TAEYANG,KR,Person,Male,"{'votes-count': 3, 'value': 5}","[{'name': 'k-pop', 'count': 2}]"
Daesung Kim,,Person,,"{'votes-count': 0, 'value': None}",[]
Gabito Ballesteros,MX,Person,Male,"{'value': None, 'votes-count': 0}",[]
Luis R. Conriquez,,Person,Male,"{'votes-count': 1, 'value': 5}","[{'count': 2, 'name': 'corrido'}, {'count': 1, 'name': 'corrido belico'}, {'count': 2, 'name': 'regional mexicano'}, {'count': 1, 'name': 'sierreño'}]"
The Neighbourhood,US,Group,,"{'votes-count': 1, 'value': 4}","[{'count': 2, 'name': 'alternative rock'}, {'name': 'indie pop', 'count': 3}, {'name': 'tumblr', 'count': 1}]"
Cris MJ,,Person,Male,"{'value': None, 'votes-count': 0}",[]
Linkin Park,US,Group,,"{'votes-count': 40, 'value': 4.35}","[{'count': 3, 'name': 'alt rock'}, {'name': 'alternative metal', 'count': 2}, {'name': 'alternative rock', 'count': 3}, {'count': 2, 'name': 'american'}, {'name': 'art rock', 'count': 1}, {'name': 'electropop', 'count': 1}, {'count': 10, 'name': 'metal'}, {'count': 24, 'name': 'nu metal'}, {'name': 'pop rock', 'count': 1}, {'name': 'rap metal', 'count': 4}, {'count': 10, 'name': 'rap rock'}, {'count': 2, 'name': 'rapcore'}, {'name': 'rock', 'count': 12}, {'name': 'usa', 'count': 1}]"
SZA,US,Person,Female,"{'votes-count': 0, 'value': None}","[{'count': 1, 'name': 'alternative r&b'}, {'count': 1, 'name': 'american'}, {'name': 'contemporary r&b', 'count': 2}, {'count': 1, 'name': 'electronic'}, {'name': 'hip hop soul', 'count': 1}, {'count': 1, 'name': 'neo soul'}, {'count': 1, 'name': 'pop'}, {'count': 2, 'name': 'r&b'}]"
Chris Rea,GB,Person,Male,"{'value': 4.4, 'votes-count': 5}","[{'name': 'blues', 'count': 5}, {'count': 5, 'name': 'blues rock'}, {'count': 2, 'name': 'british blues'}, {'name': 'electric blues', 'count': 1}, {'name': 'pop', 'count': 1}, {'name': 'pop rock', 'count': 3}, {'name': 'rock', 'count': 3}, {'count': 2, 'name': 'soft rock'}]"
Lord Huron,US,Group,,"{'votes-count': 0, 'value': None}","[{'name': 'indie folk', 'count': 2}, {'count': 2, 'name': 'indie rock'}, {'count': 1, 'name': 'nuno'}]"
Kelly Clarkson,US,Person,Female,"{'value': 4.5, 'votes-count': 2}","[{'count': 1, 'name': 'music for soccer moms'}, {'name': 'pop', 'count': 4}, {'name': 'pop rock', 'count': 1}]"
Ariana Grande,US,Person,Female,"{'votes-count': 11, 'value': 4.25}","[{'name': 'contemporary r&b', 'count': 2}, {'name': 'dance-pop', 'count': 3}, {'count': 18, 'name': 'pop'}, {'count': 5, 'name': 'r&b'}, {'count': 1, 'name': 'trap soul'}]"
Teddy Swims,US,Person,Male,"{'value': 4, 'votes-count': 1}","[{'count': 1, 'name': 'alternative rock'}, {'name': 'country', 'count': 1}, {'name': 'rhythm & blues', 'count': 1}, {'count': 1, 'name': 'rock'}, {'count': 1, 'name': 'soul'}]"
The Weeknd,CA,Person,Male,"{'votes-count': 7, 'value': 4.85}","[{'name': '2010s', 'count': 2}, {'name': '2020s', 'count': 2}, {'count': 4, 'name': 'alternative r&b'}, {'name': 'contemporary r&b', 'count': 5}, {'name': 'dance-pop', 'count': 3}, {'count': 1, 'name': 'hypnagogic pop'}, {'count': 7, 'name': 'r&b'}, {'count': 3, 'name': 'synth-pop'}]"
Lily‐Rose Depp,US,Person,Female,"{'votes-count': 0, 'value': None}",[]
Taylor Swift,US,Person,Female,"{'votes-count': 28, 'value': 4.05}","[{'count': 2, 'name': '2000s'}, {'name': '2010s', 'count': 6}, {'name': '2020s', 'count': 6}, {'name': 'alternative pop', 'count': 1}, {'name': 'artist of the decade', 'count': 2}, {'name': 'contemporary country', 'count': 5}, {'count': 20, 'name': 'country'}, {'name': 'country pop', 'count': 19}, {'count': 1, 'name': 'cultural icon'}, {'name': 'electropop', 'count': 1}, {'name': 'female vocals', 'count': 10}, {'name': 'icon', 'count': 6}, {'count': 2, 'name': 'indie folk'}, {'name': 'late 2000s', 'count': 2}, {'name': 'nuno', 'count': 1}, {'name': 'pop', 'count': 34}, {'count': 6, 'name': 'pop rock'}, {'count': 1, 'name': 're-recording'}, {'name': 'singer-songwriter', 'count': 5}, {'name': 'singer/songwriter', 'count': 14}, {'count': 4, 'name': 'synth-pop'}]"
Tito Double P,,Person,Male,"{'votes-count': 1, 'value': 5}","[{'name': 'corrido', 'count': 1}, {'count': 1, 'name': 'latin'}, {'name': 'regional mexicano', 'count': 1}]"
Bing Crosby,US,Person,Male,"{'value': 3, 'votes-count': 3}","[{'name': '2008 universal fire victim', 'count': 1}, {'name': 'american', 'count': 1}, {'count': 1, 'name': 'film soundtrack'}, {'count': 4, 'name': 'jazz'}, {'count': 2, 'name': 'pop'}, {'name': 'standards', 'count': 1}, {'name': 'traditional pop', 'count': 1}, {'count': 2, 'name': 'vocal jazz'}]"
The Andrews Sisters,US,Group,,"{'value': None, 'votes-count': 0}","[{'count': 1, 'name': '2008 universal fire victim'}, {'name': '60th anniversary', 'count': 1}, {'name': 'andrews sisters', 'count': 1}, {'name': 'jazz', 'count': 1}]"
TWICE,KR,Group,,"{'votes-count': 5, 'value': 4.8}","[{'name': '3rd gen k-pop', 'count': 2}, {'count': 4, 'name': 'dance'}, {'count': 1, 'name': 'electronica'}, {'count': 7, 'name': 'girl group'}, {'count': 10, 'name': 'k-pop'}, {'name': 'korean', 'count': 2}, {'count': 5, 'name': 'pop'}, {'name': 'r&b', 'count': 2}]"
Megan Thee Stallion,US,Person,Female,"{'value': None, 'votes-count': 0}","[{'name': 'english', 'count': 1}, {'count': 2, 'name': 'hip hop'}, {'count': 2, 'name': 'pop rap'}, {'count': 1, 'name': 'rap'}, {'name': 'southern hip hop', 'count': 2}, {'name': 'trap', 'count': 1}]"
Sabrina Carpenter,US,Person,Female,"{'value': 5, 'votes-count': 4}","[{'count': 1, 'name': 'alternative pop'}, {'name': 'electropop', 'count': 1}, {'name': 'pop', 'count': 4}]"
Myke Towers,PR,Person,Male,"{'value': None, 'votes-count': 0}","[{'name': 'latin', 'count': 1}, {'count': 1, 'name': 'latin urban'}, {'count': 1, 'name': 'reggaeton'}, {'count': 1, 'name': 'trap latino'}]"
benny blanco,US,Person,Male,"{'votes-count': 0, 'value': None}","[{'count': 1, 'name': 'english'}, {'count': 2, 'name': 'pop'}]"
Tommy Richman,,Person,Male,"{'value': None, 'votes-count': 0}",[]
Feid,CO,Person,Male,"{'value': 4.5, 'votes-count': 2}","[{'count': 2, 'name': 'latin'}, {'name': 'latin urban', 'count': 2}, {'count': 2, 'name': 'reggaeton'}, {'name': 'trap latino', 'count': 1}]"
ATL Jacob,,Person,Male,"{'value': None, 'votes-count': 0}",[]
"Tyler, The Creator",US,Person,Male,"{'votes-count': 4, 'value': 4.75}","[{'name': '_fix whosampled dupe url', 'count': 1}, {'count': 2, 'name': 'hardcore hip hop'}, {'name': 'hip hop', 'count': 3}, {'name': 'horrorcore', 'count': 1}, {'count': 1, 'name': 'west coast hip hop'}]"
Kali Uchis,US,Person,Female,"{'votes-count': 0, 'value': None}","[{'count': 1, 'name': 'alternative r&b'}, {'count': 1, 'name': 'contemporary r&b'}, {'name': 'latin pop', 'count': 1}, {'count': 1, 'name': 'neo soul'}]"
Frank Sinatra,US,Person,Male,"{'votes-count': 10, 'value': 4.1}","[{'count': 2, 'name': 'big band'}, {'count': 1, 'name': 'christmas'}, {'name': 'christmas music', 'count': 2}, {'count': 1, 'name': 'easy listening'}, {'name': 'jazz', 'count': 9}, {'name': 'standards', 'count': 2}, {'count': 7, 'name': 'swing'}, {'count': 4, 'name': 'traditional pop'}, {'name': 'vocal', 'count': 1}, {'name': 'vocal jazz', 'count': 5}]"
Bruno Mars,US,Person,Male,"{'votes-count': 4, 'value': 3.75}","[{'count': 1, 'name': '2010s'}, {'count': 4, 'name': 'funk'}, {'count': 1, 'name': 'music for soccer moms'}, {'name': 'pop', 'count': 10}, {'name': 'r&b', 'count': 2}, {'count': 1, 'name': 'relic inn'}, {'name': 'rock', 'count': 1}, {'name': 'soul', 'count': 1}]"
Djo,US,Person,Male,"{'votes-count': 0, 'value': None}","[{'name': 'bedroom pop', 'count': 1}, {'count': 2, 'name': 'indie pop'}, {'count': 2, 'name': 'indie rock'}, {'count': 2, 'name': 'neo-psychedelia'}, {'name': 'psychedelic pop', 'count': 1}, {'name': 'synthpop', 'count': 1}]"
Myles Smith,,Person,Male,"{'votes-count': 0, 'value': None}",[]
Artemas,GB,Person,Male,"{'value': None, 'votes-count': 0}",[]
The Police,GB,Group,,"{'value': 4.4, 'votes-count': 12}","[{'count': 1, 'name': '2008 universal fire victim'}, {'count': 1, 'name': 'alternative rock'}, {'count': 1, 'name': 'indie rock'}, {'count': 7, 'name': 'new wave'}, {'count': 5, 'name': 'pop rock'}, {'count': 3, 'name': 'post-punk'}, {'count': 1, 'name': 'punk'}, {'name': 'reggae rock', 'count': 1}, {'count': 6, 'name': 'rock'}]"
Linkin Park,US,Group,,"{'votes-count': 40, 'value': 4.35}","[{'count': 3, 'name': 'alt rock'}, {'name': 'alternative metal', 'count': 2}, {'name': 'alternative rock', 'count': 3}, {'count': 2, 'name': 'american'}, {'name': 'art rock', 'count': 1}, {'name': 'electropop', 'count': 1}, {'name': 'metal', 'count': 10}, {'name': 'nu metal', 'count': 24}, {'name': 'pop rock', 'count': 1}, {'count': 4, 'name': 'rap metal'}, {'count': 10, 'name': 'rap rock'}, {'name': 'rapcore', 'count': 2}, {'name': 'rock', 'count': 12}, {'count': 1, 'name': 'usa'}]"
Bad Bunny,PR,Person,Male,"{'value': 4.65, 'votes-count': 3}","[{'count': 1, 'name': 'hip hop'}, {'count': 1, 'name': 'latin'}, {'name': 'latin trap', 'count': 3}, {'name': 'latin urban', 'count': 2}, {'name': 'reggaeton', 'count': 2}, {'name': 'spanish', 'count': 1}, {'count': 1, 'name': 'trap latino'}]"
Creepy Nuts,JP,Group,,"{'votes-count': 0, 'value': None}","[{'count': 1, 'name': 'hip hop'}, {'count': 1, 'name': 'pop rap'}]"
Billie Eilish,US,Person,Female,"{'votes-count': 9, 'value': 3.65}","[{'count': 1, 'name': '2010s'}, {'count': 1, 'name': '2020s'}, {'count': 2, 'name': 'alt-pop'}, {'count': 12, 'name': 'alternative pop'}, {'count': 4, 'name': 'alternative r&b'}, {'name': 'art pop', 'count': 3}, {'name': 'bedroom pop', 'count': 2}, {'name': 'contemporary r&b', 'count': 2}, {'count': 7, 'name': 'dark pop'}, {'count': 1, 'name': 'electronic'}, {'count': 11, 'name': 'electropop'}, {'count': 2, 'name': 'indie pop'}, {'count': 3, 'name': 'pity pop'}, {'count': 6, 'name': 'pop'}, {'name': 'pop rock', 'count': 1}, {'name': 'queer', 'count': 1}, {'count': 3, 'name': 'singer-songwriter'}]"
Coldplay,GB,Group,,"{'value': 4.15, 'votes-count': 41}","[{'count': 31, 'name': 'alternative rock'}, {'count': 1, 'name': 'art pop'}, {'name': 'big music', 'count': 1}, {'name': 'british', 'count': 11}, {'name': 'britpop', 'count': 1}, {'name': 'dream pop', 'count': 1}, {'count': 2, 'name': 'piano rock'}, {'count': 11, 'name': 'pop'}, {'count': 9, 'name': 'pop rock'}, {'name': 'post-britpop', 'count': 2}, {'count': 4, 'name': 'rock'}, {'count': 2, 'name': 'uk'}]"
The Weeknd,CA,Person,Male,"{'votes-count': 7, 'value': 4.85}","[{'name': '2010s', 'count': 2}, {'name': '2020s', 'count': 2}, {'count': 4, 'name': 'alternative r&b'}, {'name': 'contemporary r&b', 'count': 5}, {'name': 'dance-pop', 'count': 3}, {'count': 1, 'name': 'hypnagogic pop'}, {'count': 7, 'name': 'r&b'}, {'count': 3, 'name': 'synth-pop'}]"
Ariana Grande,US,Person,Female,"{'value': 4.25, 'votes-count': 11}","[{'count': 2, 'name': 'contemporary r&b'}, {'count': 3, 'name': 'dance-pop'}, {'count': 18, 'name': 'pop'}, {'name': 'r&b', 'count': 5}, {'name': 'trap soul', 'count': 1}]"
The Pogues,GB,Group,,"{'votes-count': 5, 'value': 4.2}","[{'name': 'celtic folk music', 'count': 3}, {'count': 6, 'name': 'celtic punk'}, {'name': 'celtic rock', 'count': 3}, {'count': 2, 'name': 'folk'}, {'name': 'folk pop', 'count': 1}, {'name': 'folk punk', 'count': 1}, {'name': 'folk rock', 'count': 3}, {'name': 'irish folk', 'count': 1}]"
Kirsty MacColl,GB,Person,Female,"{'votes-count': 1, 'value': 3}","[{'name': 'british', 'count': 1}, {'name': 'classic pop and rock', 'count': 1}, {'count': 1, 'name': 'english'}, {'name': 'pop rock', 'count': 1}, {'name': 'uk', 'count': 2}]"
Bruno Mars,US,Person,Male,"{'value': 3.75, 'votes-count': 4}","[{'name': '2010s', 'count': 1}, {'count': 4, 'name': 'funk'}, {'count': 1, 'name': 'music for soccer moms'}, {'name': 'pop', 'count': 10}, {'count': 2, 'name': 'r&b'}, {'count': 1, 'name': 'relic inn'}, {'count': 1, 'name': 'rock'}, {'count': 1, 'name': 'soul'}]"
Frank Sinatra,US,Person,Male,"{'votes-count': 10, 'value': 4.1}","[{'count': 2, 'name': 'big band'}, {'name': 'christmas', 'count': 1}, {'count': 2, 'name': 'christmas music'}, {'count': 1, 'name': 'easy listening'}, {'name': 'jazz', 'count': 9}, {'count': 2, 'name': 'standards'}, {'count': 7, 'name': 'swing'}, {'count': 4, 'name': 'traditional pop'}, {'name': 'vocal', 'count': 1}, {'count': 5, 'name': 'vocal jazz'}]"
Travis Scott,US,Person,Male,"{'value': 5, 'votes-count': 1}","[{'name': 'english', 'count': 1}, {'name': 'experimental hip hop', 'count': 1}, {'name': 'hip hop', 'count': 7}, {'count': 1, 'name': 'pop rap'}, {'name': 'rap', 'count': 2}, {'name': 'southern hip hop', 'count': 2}, {'count': 6, 'name': 'trap'}]"
Playboi Carti,US,Person,Male,"{'votes-count': 1, 'value': 4}","[{'count': 3, 'name': 'cloud rap'}, {'name': 'english', 'count': 2}, {'name': 'hip hop', 'count': 6}, {'name': 'plugg', 'count': 3}, {'count': 2, 'name': 'rage'}, {'name': 'rap', 'count': 4}, {'name': 'southern hip hop', 'count': 4}, {'name': 'trap', 'count': 5}]"
Bruno Mars,US,Person,Male,"{'value': 3.75, 'votes-count': 4}","[{'count': 1, 'name': '2010s'}, {'name': 'funk', 'count': 4}, {'count': 1, 'name': 'music for soccer moms'}, {'name': 'pop', 'count': 10}, {'count': 2, 'name': 'r&b'}, {'count': 1, 'name': 'relic inn'}, {'count': 1, 'name': 'rock'}, {'name': 'soul', 'count': 1}]"
Coldplay,GB,Group,,"{'value': 4.15, 'votes-count': 41}","[{'name': 'alternative rock', 'count': 31}, {'name': 'art pop', 'count': 1}, {'name': 'big music', 'count': 1}, {'name': 'british', 'count': 11}, {'count': 1, 'name': 'britpop'}, {'name': 'dream pop', 'count': 1}, {'name': 'piano rock', 'count': 2}, {'name': 'pop', 'count': 11}, {'name': 'pop rock', 'count': 9}, {'count': 2, 'name': 'post-britpop'}, {'count': 4, 'name': 'rock'}, {'count': 2, 'name': 'uk'}]"
SZA,US,Person,Female,"{'votes-count': 0, 'value': None}","[{'name': 'alternative r&b', 'count': 1}, {'name': 'american', 'count': 1}, {'name': 'contemporary r&b', 'count': 2}, {'count': 1, 'name': 'electronic'}, {'count': 1, 'name': 'hip hop soul'}, {'name': 'neo soul', 'count': 1}, {'count': 1, 'name': 'pop'}, {'count': 2, 'name': 'r&b'}]"
Gene Autry,US,Person,Male,"{'value': 4, 'votes-count': 1}","[{'name': 'christmas music', 'count': 1}, {'count': 3, 'name': 'country'}, {'count': 1, 'name': 'country yodeling'}, {'count': 2, 'name': 'cowboy'}, {'name': 'hillbilly', 'count': 1}, {'count': 1, 'name': 'holiday music'}, {'count': 1, 'name': 'traditional country'}, {'count': 1, 'name': 'western'}]"
The Pinafores,US,Group,,"{'votes-count': 0, 'value': None}",[]
Chappell Roan,US,Person,Female,"{'value': 5, 'votes-count': 2}","[{'count': 4, 'name': 'alternative pop'}, {'count': 4, 'name': 'dance-pop'}, {'name': 'gay pop', 'count': 2}, {'count': 3, 'name': 'indie pop'}, {'count': 3, 'name': 'pop'}, {'name': 'queer', 'count': 7}, {'name': 'synth-pop', 'count': 6}]"
Morgan Wallen,US,Person,Male,"{'votes-count': 0, 'value': None}","[{'name': 'country', 'count': 2}, {'name': 'country pop', 'count': 1}]"
Arctic Monkeys,GB,Group,,"{'value': 4.3, 'votes-count': 18}","[{'count': 7, 'name': 'alternative rock'}, {'count': 1, 'name': 'art rock'}, {'name': 'baroque pop', 'count': 3}, {'count': 5, 'name': 'british'}, {'name': 'garage rock', 'count': 1}, {'name': 'garage rock revival', 'count': 7}, {'name': 'indie rock', 'count': 17}, {'name': 'neo-psychedelia', 'count': 2}, {'count': 6, 'name': 'post-punk revival'}, {'count': 1, 'name': 'psychedelic pop'}, {'name': 'psychedelic rock', 'count': 1}, {'name': 'sheffield', 'count': 2}, {'name': 'uk', 'count': 2}]"
The Goo Goo Dolls,US,Group,,"{'votes-count': 4, 'value': 4.25}","[{'name': ""'"", 'count': 1}, {'name': 'acoustic rock', 'count': 2}, {'name': 'alternative rock', 'count': 5}, {'count': 1, 'name': 'electropop'}, {'count': 2, 'name': 'hardcore punk'}, {'count': 2, 'name': 'jangle pop'}, {'count': 2, 'name': 'pop punk'}, {'count': 2, 'name': 'pop rock'}, {'name': 'post-grunge', 'count': 2}, {'name': 'power pop', 'count': 2}, {'count': 2, 'name': 'punk rock'}, {'name': 'soft rock', 'count': 2}, {'count': 1, 'name': 'synth-pop'}]"
Miley Cyrus,US,Person,Non-binary,"{'votes-count': 13, 'value': 3.6}","[{'name': '2010s', 'count': 1}, {'name': 'contemporary r&b', 'count': 1}, {'name': 'dance-pop', 'count': 1}, {'count': 1, 'name': 'electropop'}, {'name': 'pop', 'count': 11}, {'count': 5, 'name': 'pop rock'}, {'name': 'power pop', 'count': 2}, {'name': 'queer', 'count': 2}, {'name': 'rock', 'count': 6}, {'count': 1, 'name': 'teen pop'}]"
Cris MJ,,Person,Male,"{'votes-count': 0, 'value': None}",[]
Tom Odell,GB,Person,Male,"{'value': None, 'votes-count': 0}","[{'name': 'indie folk', 'count': 1}, {'name': 'indie pop', 'count': 1}, {'name': 'singer-songwriter', 'count': 1}]"
GloRilla,US,Person,Female,"{'value': None, 'votes-count': 0}","[{'count': 1, 'name': 'hip hop'}, {'count': 1, 'name': 'southern hip hop'}, {'count': 1, 'name': 'trap'}]"
Sexyy Red,US,Person,Female,"{'value': None, 'votes-count': 0}","[{'name': 'hip hop', 'count': 1}, {'count': 1, 'name': 'trap'}]"
Vance Joy,AU,Person,Male,"{'votes-count': 2, 'value': 5}","[{'name': 'alternative rock', 'count': 1}, {'count': 1, 'name': 'folk pop'}, {'name': 'indie folk', 'count': 3}, {'name': 'indie pop', 'count': 3}, {'name': 'singer-songwriter', 'count': 1}]"
Noah Kahan,US,Person,Male,"{'value': None, 'votes-count': 0}","[{'name': 'folk pop', 'count': 3}, {'count': 2, 'name': 'pop'}]"
Dean Martin,US,Person,Male,"{'value': 3.65, 'votes-count': 6}","[{'count': 1, 'name': 'big band'}, {'count': 1, 'name': 'christmas music'}, {'name': 'country pop', 'count': 1}, {'count': 4, 'name': 'pop'}, {'count': 1, 'name': 'standards'}, {'count': 1, 'name': 'traditional pop'}, {'name': 'vocal jazz', 'count': 1}]"
JENNIE,KR,Person,Female,"{'value': None, 'votes-count': 0}","[{'name': 'k-pop', 'count': 3}]"
Ed Sheeran,GB,Person,Male,"{'votes-count': 5, 'value': 4.4}","[{'name': '2010s', 'count': 1}, {'name': 'dance-pop', 'count': 3}, {'count': 3, 'name': 'folk'}, {'count': 5, 'name': 'folk pop'}, {'count': 2, 'name': 'guitarist'}, {'count': 2, 'name': 'music for soccer moms'}, {'name': 'pop', 'count': 9}, {'count': 2, 'name': 'singer'}, {'count': 2, 'name': 'singer-songwriter'}, {'count': 2, 'name': 'uk'}]"
Linkin Park,US,Group,,"{'votes-count': 40, 'value': 4.35}","[{'name': 'alt rock', 'count': 3}, {'name': 'alternative metal', 'count': 2}, {'name': 'alternative rock', 'count': 3}, {'name': 'american', 'count': 2}, {'count': 1, 'name': 'art rock'}, {'count': 1, 'name': 'electropop'}, {'name': 'metal', 'count': 10}, {'count': 24, 'name': 'nu metal'}, {'name': 'pop rock', 'count': 1}, {'count': 4, 'name': 'rap metal'}, {'count': 10, 'name': 'rap rock'}, {'name': 'rapcore', 'count': 2}, {'count': 12, 'name': 'rock'}, {'name': 'usa', 'count': 1}]"
The Kid LAROI,AU,Person,Male,"{'votes-count': 0, 'value': None}","[{'count': 2, 'name': 'emo rap'}, {'name': 'english', 'count': 1}, {'name': 'hip hop', 'count': 4}, {'name': 'pop rap', 'count': 1}, {'name': 'rap', 'count': 1}]"
Jin Jin,,,,"{'value': None, 'votes-count': 0}",[]
Dasha,US,Person,Female,"{'value': None, 'votes-count': 0}",[]
Donny Hathaway,US,Person,Male,"{'votes-count': 0, 'value': None}","[{'count': 4, 'name': 'soul'}, {'name': ""you've got a friend"", 'count': 1}]"
The Weeknd,CA,Person,Male,"{'value': 4.85, 'votes-count': 7}","[{'name': '2010s', 'count': 2}, {'name': '2020s', 'count': 2}, {'name': 'alternative r&b', 'count': 4}, {'name': 'contemporary r&b', 'count': 5}, {'name': 'dance-pop', 'count': 3}, {'count': 1, 'name': 'hypnagogic pop'}, {'name': 'r&b', 'count': 7}, {'name': 'synth-pop', 'count': 3}]"
Sam Barber,,Person,Male,"{'value': None, 'votes-count': 0}",[]
Avery Anna,US,Person,Female,"{'votes-count': 0, 'value': None}",[]
Adam Port,,Person,Male,"{'votes-count': 0, 'value': None}",[]
STRYV,,Person,Male,"{'value': None, 'votes-count': 0}",[]
Malachiii,,,,"{'votes-count': 0, 'value': None}",[]
twenty one pilots,US,Group,,"{'votes-count': 6, 'value': 4.65}","[{'name': 'alternative electronic', 'count': 1}, {'count': 6, 'name': 'alternative hip hop'}, {'count': 1, 'name': 'alternative pop'}, {'count': 7, 'name': 'alternative rap'}, {'count': 14, 'name': 'alternative rock'}, {'name': 'electropop', 'count': 4}, {'count': 2, 'name': 'hip hop'}, {'name': 'indie', 'count': 2}, {'name': 'indie pop', 'count': 8}, {'count': 2, 'name': 'indietronica'}, {'name': 'piano rock', 'count': 1}, {'count': 2, 'name': 'pop rap'}, {'count': 5, 'name': 'rap'}]"
Ariana Grande,US,Person,Female,"{'votes-count': 11, 'value': 4.25}","[{'name': 'contemporary r&b', 'count': 2}, {'count': 3, 'name': 'dance-pop'}, {'count': 18, 'name': 'pop'}, {'count': 5, 'name': 'r&b'}, {'name': 'trap soul', 'count': 1}]"
Tate McRae,CA,Person,Female,"{'votes-count': 0, 'value': None}","[{'count': 2, 'name': '2020s'}, {'count': 2, 'name': 'dance-pop'}, {'count': 4, 'name': 'pop'}, {'name': 'pop rock', 'count': 1}]"
The Marías,,Group,,"{'value': None, 'votes-count': 0}","[{'count': 1, 'name': 'dream pop'}, {'name': 'indie pop', 'count': 2}, {'name': 'lo-fi', 'count': 1}, {'name': 'psychedelic pop', 'count': 1}]"
Jung Kook,KR,Person,Male,"{'votes-count': 1, 'value': 5}","[{'count': 2, 'name': 'edm'}, {'count': 2, 'name': 'k-pop'}, {'name': 'pop', 'count': 2}, {'count': 2, 'name': 'r&b'}]"
Latto,US,Person,Female,"{'votes-count': 0, 'value': None}","[{'name': 'pop rap', 'count': 1}, {'count': 1, 'name': 'trap'}]"
Katy Perry,US,Person,Female,"{'votes-count': 16, 'value': 3.5}","[{'count': 1, 'name': '2010s'}, {'count': 2, 'name': 'bubblegum pop'}, {'count': 1, 'name': 'camp'}, {'count': 1, 'name': 'dance-pop'}, {'name': 'disco', 'count': 1}, {'count': 2, 'name': 'electropop'}, {'count': 13, 'name': 'pop'}, {'count': 2, 'name': 'pop rock'}]"
Peso Pluma,MX,Person,Male,"{'value': None, 'votes-count': 0}","[{'name': 'corrido tumbado', 'count': 1}, {'count': 1, 'name': 'regional mexicano'}]"
Neton Vega,,Person,Male,"{'votes-count': 1, 'value': 5}","[{'name': 'corrido tumbado', 'count': 1}, {'name': 'regional mexicano', 'count': 1}]"
Michael Bublé,CA,Person,Male,"{'value': 4, 'votes-count': 3}","[{'name': 'big band', 'count': 1}, {'name': 'canadian', 'count': 2}, {'count': 1, 'name': 'crazy love'}, {'count': 1, 'name': 'easy listening'}, {'count': 1, 'name': 'easy listening soundtracks and musicals'}, {'name': 'jazz', 'count': 5}, {'name': 'music for soccer moms', 'count': 1}, {'count': 1, 'name': 'pop'}, {'count': 1, 'name': 'swing'}]"
The Weeknd,CA,Person,Male,"{'votes-count': 7, 'value': 4.85}","[{'count': 2, 'name': '2010s'}, {'count': 2, 'name': '2020s'}, {'count': 4, 'name': 'alternative r&b'}, {'name': 'contemporary r&b', 'count': 5}, {'count': 3, 'name': 'dance-pop'}, {'name': 'hypnagogic pop', 'count': 1}, {'name': 'r&b', 'count': 7}, {'name': 'synth-pop', 'count': 3}]"
Daft Punk,FR,Group,,"{'votes-count': 25, 'value': 4.7}","[{'name': 'dance', 'count': 2}, {'count': 2, 'name': 'disco'}, {'name': 'electro house', 'count': 2}, {'name': 'electroclash', 'count': 1}, {'name': 'electronic', 'count': 28}, {'count': 1, 'name': 'european'}, {'count': 2, 'name': 'film score'}, {'count': 6, 'name': 'french'}, {'count': 1, 'name': 'french electro'}, {'count': 9, 'name': 'french house'}, {'name': 'french touch', 'count': 2}, {'count': 1, 'name': 'funk'}, {'count': 13, 'name': 'house'}, {'count': 2, 'name': 'nu-disco'}, {'name': 'synthpop', 'count': 1}, {'count': 1, 'name': 'vocoder'}]"
Juice WRLD,US,Person,Male,"{'votes-count': 3, 'value': 5}","[{'name': '2020s', 'count': 1}, {'count': 1, 'name': 'cloud rap'}, {'name': 'emo rap', 'count': 3}, {'name': 'hip hop', 'count': 4}, {'name': 'look again', 'count': 1}, {'count': 2, 'name': 'rap'}, {'name': 'trap', 'count': 2}]"
Ed Sheeran,GB,Person,Male,"{'votes-count': 5, 'value': 4.4}","[{'name': '2010s', 'count': 1}, {'name': 'dance-pop', 'count': 3}, {'count': 3, 'name': 'folk'}, {'count': 5, 'name': 'folk pop'}, {'count': 2, 'name': 'guitarist'}, {'count': 2, 'name': 'music for soccer moms'}, {'name': 'pop', 'count': 9}, {'count': 2, 'name': 'singer'}, {'count': 2, 'name': 'singer-songwriter'}, {'count': 2, 'name': 'uk'}]"
Britney Spears,US,Person,Female,"{'votes-count': 16, 'value': 4.15}","[{'count': 2, 'name': '2000s'}, {'count': 5, 'name': 'american'}, {'name': 'dance-pop', 'count': 3}, {'name': 'electro house', 'count': 2}, {'name': 'electropop', 'count': 2}, {'name': 'pop', 'count': 18}, {'name': 'teen pop', 'count': 5}, {'name': 'y2k', 'count': 1}]"
Kendrick Lamar,US,Person,Male,"{'votes-count': 9, 'value': 4.1}","[{'count': 1, 'name': 'alternative hip hop'}, {'count': 8, 'name': 'conscious hip hop'}, {'name': 'hardcore hip hop', 'count': 4}, {'count': 13, 'name': 'hip hop'}, {'count': 7, 'name': 'jazz rap'}, {'name': 'pop', 'count': 3}, {'name': 'pop rap', 'count': 2}, {'name': 'rap', 'count': 3}, {'name': 'trap', 'count': 1}, {'name': 'west coast hip hop', 'count': 6}]"
Kendrick Lamar,US,Person,Male,"{'value': 4.1, 'votes-count': 9}","[{'count': 1, 'name': 'alternative hip hop'}, {'count': 8, 'name': 'conscious hip hop'}, {'name': 'hardcore hip hop', 'count': 4}, {'count': 13, 'name': 'hip hop'}, {'name': 'jazz rap', 'count': 7}, {'name': 'pop', 'count': 3}, {'count': 2, 'name': 'pop rap'}, {'count': 3, 'name': 'rap'}, {'name': 'trap', 'count': 1}, {'name': 'west coast hip hop', 'count': 6}]"
Dody6,,Person,Male,"{'value': None, 'votes-count': 0}",[]
Chappell Roan,US,Person,Female,"{'value': 5, 'votes-count': 2}","[{'count': 4, 'name': 'alternative pop'}, {'count': 4, 'name': 'dance-pop'}, {'name': 'gay pop', 'count': 2}, {'count': 3, 'name': 'indie pop'}, {'count': 3, 'name': 'pop'}, {'name': 'queer', 'count': 7}, {'count': 6, 'name': 'synth-pop'}]"
Eminem,US,Person,Male,"{'votes-count': 44, 'value': 4.25}","[{'name': '2000s', 'count': 1}, {'count': 1, 'name': '2008 universal fire victim'}, {'name': '90s', 'count': 1}, {'count': 2, 'name': 'boom bap'}, {'name': 'conscious hip hop', 'count': 2}, {'count': 8, 'name': 'detroit'}, {'count': 6, 'name': 'detroit hip hop'}, {'count': 5, 'name': 'hardcore hip hop'}, {'count': 34, 'name': 'hip hop'}, {'count': 3, 'name': 'hip-hop'}, {'name': 'horrorcore', 'count': 1}, {'count': 4, 'name': 'midwest hip hop'}, {'count': 5, 'name': 'pop rap'}, {'count': 14, 'name': 'rap'}, {'count': 1, 'name': 'rap god'}, {'name': 'relic inn', 'count': 1}, {'count': 1, 'name': 'trap'}]"
Journey,US,Group,,"{'value': 4.35, 'votes-count': 6}","[{'name': 'aor', 'count': 4}, {'count': 3, 'name': 'arena rock'}, {'count': 1, 'name': 'estados unidos'}, {'count': 4, 'name': 'hard rock'}, {'name': 'pop rock', 'count': 1}, {'name': 'prog related', 'count': 1}, {'name': 'rock', 'count': 8}, {'name': 'soft rock', 'count': 1}]"
Radiohead,GB,Group,,"{'value': 4.5, 'votes-count': 73}","[{'name': 'alternative', 'count': 1}, {'count': 33, 'name': 'alternative rock'}, {'count': 3, 'name': 'art pop'}, {'count': 21, 'name': 'art rock'}, {'name': 'british', 'count': 12}, {'count': 1, 'name': 'britpop'}, {'count': 9, 'name': 'electronic'}, {'count': 1, 'name': 'electronic rock'}, {'name': 'experimental rock', 'count': 8}, {'count': 3, 'name': 'indie rock'}, {'count': 2, 'name': 'post-britpop'}, {'count': 1, 'name': 'post-grunge'}, {'count': 13, 'name': 'rock'}]"
Chezile,,Person,Male,"{'value': None, 'votes-count': 0}","[{'count': 1, 'name': 'bedroom pop'}, {'count': 1, 'name': 'indie pop'}]"
Sabrina Carpenter,US,Person,Female,"{'votes-count': 4, 'value': 5}","[{'count': 1, 'name': 'alternative pop'}, {'count': 1, 'name': 'electropop'}, {'count': 4, 'name': 'pop'}]"
Laufey,IS,Person,Female,"{'value': 5, 'votes-count': 1}","[{'name': 'bossa nova', 'count': 1}, {'count': 1, 'name': 'easy listening'}, {'name': 'jazz', 'count': 2}, {'count': 2, 'name': 'jazz pop'}, {'name': 'singer-songwriter', 'count': 3}, {'name': 'vocal jazz', 'count': 1}]"
Tyla,GB,Person,Male,"{'votes-count': 1, 'value': 5}","[{'count': 1, 'name': 'spike'}]"
Thurl Ravenscroft,US,Person,Male,"{'votes-count': 0, 'value': None}",[]
Ariana Grande,US,Person,Female,"{'votes-count': 11, 'value': 4.25}","[{'name': 'contemporary r&b', 'count': 2}, {'count': 3, 'name': 'dance-pop'}, {'name': 'pop', 'count': 18}, {'count': 5, 'name': 'r&b'}, {'count': 1, 'name': 'trap soul'}]"
Cynthia Erivo,GB,Person,Female,"{'value': None, 'votes-count': 0}","[{'name': 'soul', 'count': 1}]"
Lewis Capaldi,GB,Person,Male,"{'votes-count': 1, 'value': 5}","[{'name': 'blue-eyed soul', 'count': 1}, {'count': 3, 'name': 'pop'}, {'name': 'singer-songwriter', 'count': 2}]"
Andy Williams,US,Person,Male,"{'value': 3.5, 'votes-count': 2}","[{'name': 'christmas music', 'count': 1}, {'count': 1, 'name': 'easy listening'}, {'name': 'easy listening soundtracks and musicals', 'count': 1}, {'name': 'jazz', 'count': 1}]"
Charli xcx,,Person,Female,"{'votes-count': 2, 'value': 4.5}","[{'count': 1, 'name': '2010s'}, {'count': 1, 'name': '2020s'}, {'name': 'bubblegum bass', 'count': 1}, {'name': 'dance-pop', 'count': 10}, {'count': 1, 'name': 'deconstructed club'}, {'count': 6, 'name': 'electronic'}, {'count': 12, 'name': 'electropop'}, {'count': 1, 'name': 'europop'}, {'count': 1, 'name': 'experimental hip hop'}, {'name': 'hyperpop', 'count': 8}, {'name': 'pc music', 'count': 3}, {'count': 3, 'name': 'pop'}, {'name': 'synth-pop', 'count': 7}, {'count': 4, 'name': 'uk'}]"
Billie Eilish,US,Person,Female,"{'votes-count': 9, 'value': 3.65}","[{'name': '2010s', 'count': 1}, {'count': 1, 'name': '2020s'}, {'count': 2, 'name': 'alt-pop'}, {'count': 12, 'name': 'alternative pop'}, {'count': 4, 'name': 'alternative r&b'}, {'name': 'art pop', 'count': 3}, {'name': 'bedroom pop', 'count': 2}, {'name': 'contemporary r&b', 'count': 2}, {'name': 'dark pop', 'count': 7}, {'name': 'electronic', 'count': 1}, {'name': 'electropop', 'count': 11}, {'name': 'indie pop', 'count': 2}, {'name': 'pity pop', 'count': 3}, {'name': 'pop', 'count': 6}, {'name': 'pop rock', 'count': 1}, {'count': 1, 'name': 'queer'}, {'count': 3, 'name': 'singer-songwriter'}]"
Taylor Swift,US,Person,Female,"{'votes-count': 28, 'value': 4.05}","[{'name': '2000s', 'count': 2}, {'name': '2010s', 'count': 6}, {'count': 6, 'name': '2020s'}, {'count': 1, 'name': 'alternative pop'}, {'name': 'artist of the decade', 'count': 2}, {'count': 5, 'name': 'contemporary country'}, {'name': 'country', 'count': 20}, {'count': 19, 'name': 'country pop'}, {'name': 'cultural icon', 'count': 1}, {'count': 1, 'name': 'electropop'}, {'name': 'female vocals', 'count': 10}, {'count': 6, 'name': 'icon'}, {'name': 'indie folk', 'count': 2}, {'count': 2, 'name': 'late 2000s'}, {'name': 'nuno', 'count': 1}, {'count': 34, 'name': 'pop'}, {'count': 6, 'name': 'pop rock'}, {'name': 're-recording', 'count': 1}, {'name': 'singer-songwriter', 'count': 5}, {'name': 'singer/songwriter', 'count': 14}, {'name': 'synth-pop', 'count': 4}]"
Post Malone,US,Person,Male,"{'value': 5, 'votes-count': 1}","[{'name': '2010s', 'count': 1}, {'name': '2020s', 'count': 1}, {'count': 1, 'name': 'contemporary r&b'}, {'name': 'country', 'count': 1}, {'name': 'english', 'count': 1}, {'name': 'hip hop', 'count': 5}, {'count': 2, 'name': 'pop rap'}, {'count': 2, 'name': 'trap'}]"
박효신,KR,Person,Male,"{'value': None, 'votes-count': 0}","[{'name': 'korean ballad', 'count': 1}]"
yung kai,,Person,,"{'votes-count': 0, 'value': None}",[]
Don Toliver,US,Person,Male,"{'votes-count': 0, 'value': None}","[{'count': 1, 'name': 'hip hop'}]"
Zach Bryan,US,Person,Male,"{'votes-count': 0, 'value': None}","[{'count': 3, 'name': 'country'}, {'count': 1, 'name': 'nuno'}]"
Kacey Musgraves,US,Person,Female,"{'votes-count': 2, 'value': 4}","[{'count': 1, 'name': 'alternative country'}, {'name': 'americana', 'count': 1}, {'count': 1, 'name': 'contemporary country'}, {'count': 3, 'name': 'country'}, {'count': 2, 'name': 'country pop'}, {'name': 'easy listening', 'count': 1}]"
Peso Pluma,MX,Person,Male,"{'votes-count': 0, 'value': None}","[{'name': 'corrido tumbado', 'count': 1}, {'name': 'regional mexicano', 'count': 1}]"
Bruce Springsteen,US,Person,Male,"{'value': 4.4, 'votes-count': 15}","[{'count': 2, 'name': 'american'}, {'name': 'americana', 'count': 5}, {'name': 'aor', 'count': 1}, {'name': 'contemporary folk', 'count': 1}, {'count': 1, 'name': 'estados unidos'}, {'count': 2, 'name': 'folk'}, {'name': 'heartland rock', 'count': 9}, {'name': 'pop rock', 'count': 3}, {'name': 'rock', 'count': 14}, {'name': 'rock and roll', 'count': 1}, {'name': 'singer-songwriter', 'count': 5}]"
Post Malone,US,Person,Male,"{'votes-count': 1, 'value': 5}","[{'count': 1, 'name': '2010s'}, {'count': 1, 'name': '2020s'}, {'count': 1, 'name': 'contemporary r&b'}, {'name': 'country', 'count': 1}, {'name': 'english', 'count': 1}, {'count': 5, 'name': 'hip hop'}, {'name': 'pop rap', 'count': 2}, {'name': 'trap', 'count': 2}]"
Swae Lee,US,Person,Male,"{'votes-count': 0, 'value': None}","[{'name': 'hip hop', 'count': 1}, {'name': 'pop rap', 'count': 1}, {'name': 'trap', 'count': 1}]"
The Jacksons,US,Group,,"{'votes-count': 6, 'value': 3.85}","[{'count': 1, 'name': 'bubblegum pop'}, {'name': 'funk', 'count': 2}, {'name': 'pop', 'count': 2}, {'count': 3, 'name': 'pop soul'}, {'count': 3, 'name': 'soul'}]"
Mariah Carey,US,Person,Female,"{'votes-count': 13, 'value': 4.4}","[{'count': 1, 'name': '1990s'}, {'name': '2000s', 'count': 1}, {'name': '90s', 'count': 1}, {'name': 'adult contemporary', 'count': 1}, {'name': 'christmas music', 'count': 3}, {'count': 8, 'name': 'contemporary r&b'}, {'count': 6, 'name': 'dance-pop'}, {'name': 'easy listening', 'count': 1}, {'name': 'english', 'count': 1}, {'name': 'hip hop', 'count': 1}, {'name': 'pop', 'count': 11}, {'count': 1, 'name': 'pop soul'}, {'name': 'quiet storm', 'count': 1}, {'count': 1, 'name': 'r&b'}, {'count': 5, 'name': 'soul'}]"
Stephen Sanchez,US,Person,Male,"{'value': None, 'votes-count': 0}","[{'name': 'folk pop', 'count': 1}, {'count': 1, 'name': 'jangle pop'}, {'name': 'pop', 'count': 1}]"
Imagine Dragons,US,Group,,"{'votes-count': 8, 'value': 4.25}","[{'name': 'alternative pop', 'count': 2}, {'name': 'alternative rock', 'count': 15}, {'count': 1, 'name': 'electropop'}, {'name': 'indie pop', 'count': 8}, {'count': 1, 'name': 'indietronica'}, {'count': 5, 'name': 'pop'}, {'name': 'pop rock', 'count': 10}]"
Taylor Swift,US,Person,Female,"{'votes-count': 28, 'value': 4.05}","[{'name': '2000s', 'count': 2}, {'name': '2010s', 'count': 6}, {'count': 6, 'name': '2020s'}, {'name': 'alternative pop', 'count': 1}, {'name': 'artist of the decade', 'count': 2}, {'name': 'contemporary country', 'count': 5}, {'count': 20, 'name': 'country'}, {'count': 19, 'name': 'country pop'}, {'name': 'cultural icon', 'count': 1}, {'name': 'electropop', 'count': 1}, {'count': 10, 'name': 'female vocals'}, {'name': 'icon', 'count': 6}, {'name': 'indie folk', 'count': 2}, {'count': 2, 'name': 'late 2000s'}, {'name': 'nuno', 'count': 1}, {'name': 'pop', 'count': 34}, {'name': 'pop rock', 'count': 6}, {'name': 're-recording', 'count': 1}, {'name': 'singer-songwriter', 'count': 5}, {'count': 14, 'name': 'singer/songwriter'}, {'count': 4, 'name': 'synth-pop'}]"
Frank Ocean,US,Person,Male,"{'votes-count': 3, 'value': 5}","[{'count': 1, 'name': 'alternative r&b'}, {'name': 'contemporary r&b', 'count': 2}, {'count': 1, 'name': 'pop'}, {'name': 'queer', 'count': 2}, {'count': 1, 'name': 'r&b'}, {'name': 'rnb', 'count': 2}, {'count': 1, 'name': 'server name'}]"
The Jacksons,US,Group,,"{'value': 3.85, 'votes-count': 6}","[{'name': 'bubblegum pop', 'count': 1}, {'name': 'funk', 'count': 2}, {'name': 'pop', 'count': 2}, {'name': 'pop soul', 'count': 3}, {'count': 3, 'name': 'soul'}]"
Tito Double P,,Person,Male,"{'value': 5, 'votes-count': 1}","[{'name': 'corrido', 'count': 1}, {'count': 1, 'name': 'latin'}, {'count': 1, 'name': 'regional mexicano'}]"
Chino Pacas,MX,Person,Male,"{'votes-count': 0, 'value': None}",[]
Zach Bryan,US,Person,Male,"{'value': None, 'votes-count': 0}","[{'name': 'country', 'count': 3}, {'name': 'nuno', 'count': 1}]"
Linkin Park,US,Group,,"{'value': 4.35, 'votes-count': 40}","[{'count': 3, 'name': 'alt rock'}, {'name': 'alternative metal', 'count': 2}, {'name': 'alternative rock', 'count': 3}, {'count': 2, 'name': 'american'}, {'name': 'art rock', 'count': 1}, {'name': 'electropop', 'count': 1}, {'name': 'metal', 'count': 10}, {'name': 'nu metal', 'count': 24}, {'count': 1, 'name': 'pop rock'}, {'name': 'rap metal', 'count': 4}, {'count': 10, 'name': 'rap rock'}, {'count': 2, 'name': 'rapcore'}, {'name': 'rock', 'count': 12}, {'count': 1, 'name': 'usa'}]"
Laufey,IS,Person,Female,"{'votes-count': 1, 'value': 5}","[{'name': 'bossa nova', 'count': 1}, {'name': 'easy listening', 'count': 1}, {'count': 2, 'name': 'jazz'}, {'name': 'jazz pop', 'count': 2}, {'name': 'singer-songwriter', 'count': 3}, {'name': 'vocal jazz', 'count': 1}]"
*NSYNC,US,Group,,"{'votes-count': 6, 'value': 3.35}","[{'count': 1, 'name': '00s'}, {'count': 1, 'name': '1990s'}, {'name': '2000s', 'count': 1}, {'name': '90s', 'count': 1}, {'name': 'blue-eyed soul', 'count': 1}, {'count': 3, 'name': 'boy band'}, {'name': 'dance-pop', 'count': 2}, {'name': 'pop', 'count': 3}, {'count': 1, 'name': 'pop soul'}, {'name': 'r&b', 'count': 1}, {'name': 'teen pop', 'count': 2}]"
Chase Atlantic,AU,Group,,"{'votes-count': 1, 'value': 5}","[{'count': 1, 'name': '2010s'}, {'name': '2020s', 'count': 1}, {'count': 1, 'name': 'alternative pop'}, {'name': 'alternative rnb', 'count': 1}, {'name': 'electropop', 'count': 1}, {'count': 1, 'name': 'pop rap'}, {'count': 1, 'name': 'trap pop'}]"
Léo Ferré,FR,Person,Male,"{'value': 4, 'votes-count': 5}","[{'name': 'chanson', 'count': 6}, {'count': 3, 'name': 'chanson française'}, {'count': 2, 'name': 'chanson à texte'}, {'count': 1, 'name': 'european'}, {'name': 'france', 'count': 1}, {'count': 1, 'name': 'français'}, {'name': 'french', 'count': 5}, {'count': 1, 'name': 'modern classical'}, {'count': 1, 'name': 'monaco'}, {'name': 'poetry', 'count': 1}, {'name': 'pop', 'count': 1}, {'count': 1, 'name': 'singer/songwriter'}]"
One Direction,,Group,,"{'value': 3.5, 'votes-count': 4}","[{'count': 5, 'name': 'boy band'}, {'count': 2, 'name': 'dance-pop'}, {'name': 'folk pop', 'count': 2}, {'name': 'pop', 'count': 5}, {'count': 2, 'name': 'pop rock'}, {'count': 2, 'name': 'power pop'}, {'name': 'teen pop', 'count': 2}]"
Hozier,IE,Person,Male,"{'value': 3, 'votes-count': 1}","[{'name': 'blues', 'count': 2}, {'name': 'blues rock', 'count': 4}, {'name': 'chamber pop', 'count': 1}, {'count': 1, 'name': 'folk rock'}, {'count': 2, 'name': 'indie rock'}, {'name': 'pop rock', 'count': 1}, {'count': 3, 'name': 'pop soul'}, {'count': 1, 'name': 'rock'}, {'name': 'singer-songwriter', 'count': 1}, {'name': 'soul', 'count': 2}]"
Natanael Cano,,Person,Male,"{'votes-count': 1, 'value': 5}","[{'count': 1, 'name': 'corrido tumbado'}, {'count': 1, 'name': 'regional mexicano'}, {'count': 1, 'name': 'trap latino'}]"
Harry Styles,,Person,Male,"{'value': 5, 'votes-count': 1}","[{'name': '2020s', 'count': 1}, {'count': 1, 'name': 'funk'}, {'name': 'new wave', 'count': 1}, {'name': 'nuno', 'count': 1}, {'count': 6, 'name': 'pop'}, {'name': 'rock', 'count': 2}, {'count': 1, 'name': 'soft rock'}, {'name': 'soul', 'count': 1}, {'count': 1, 'name': 'synth-pop'}]"
The Chainsmokers,US,Group,,"{'votes-count': 2, 'value': 4.5}","[{'count': 1, 'name': '2010s'}, {'count': 1, 'name': 'dance-pop'}, {'count': 3, 'name': 'edm'}, {'count': 4, 'name': 'electro house'}, {'count': 1, 'name': 'electronic'}, {'count': 1, 'name': 'electropop'}, {'count': 1, 'name': 'future bass'}, {'count': 1, 'name': 'satire'}]"
Coldplay,GB,Group,,"{'value': 4.15, 'votes-count': 41}","[{'count': 31, 'name': 'alternative rock'}, {'count': 1, 'name': 'art pop'}, {'count': 1, 'name': 'big music'}, {'count': 11, 'name': 'british'}, {'name': 'britpop', 'count': 1}, {'count': 1, 'name': 'dream pop'}, {'count': 2, 'name': 'piano rock'}, {'count': 11, 'name': 'pop'}, {'name': 'pop rock', 'count': 9}, {'name': 'post-britpop', 'count': 2}, {'name': 'rock', 'count': 4}, {'count': 2, 'name': 'uk'}]"
Kendrick Lamar,US,Person,Male,"{'value': 4.1, 'votes-count': 9}","[{'count': 1, 'name': 'alternative hip hop'}, {'count': 8, 'name': 'conscious hip hop'}, {'name': 'hardcore hip hop', 'count': 4}, {'count': 13, 'name': 'hip hop'}, {'name': 'jazz rap', 'count': 7}, {'name': 'pop', 'count': 3}, {'count': 2, 'name': 'pop rap'}, {'count': 3, 'name': 'rap'}, {'name': 'trap', 'count': 1}, {'name': 'west coast hip hop', 'count': 6}]"
Wallie the Sensei,,,,"{'votes-count': 0, 'value': None}",[]
Roddy Ricch,US,Person,Male,"{'votes-count': 0, 'value': None}","[{'name': 'english', 'count': 1}, {'count': 2, 'name': 'hip hop'}, {'name': 'rap', 'count': 1}, {'name': 'trap', 'count': 1}]"
OneRepublic,US,Group,,"{'votes-count': 3, 'value': 3}","[{'count': 1, 'name': 'folk pop'}, {'count': 3, 'name': 'pop'}, {'name': 'pop rock', 'count': 1}, {'name': 'rock', 'count': 1}]"
Billie Eilish,US,Person,Female,"{'votes-count': 9, 'value': 3.65}","[{'name': '2010s', 'count': 1}, {'count': 1, 'name': '2020s'}, {'count': 2, 'name': 'alt-pop'}, {'count': 12, 'name': 'alternative pop'}, {'count': 4, 'name': 'alternative r&b'}, {'name': 'art pop', 'count': 3}, {'name': 'bedroom pop', 'count': 2}, {'name': 'contemporary r&b', 'count': 2}, {'name': 'dark pop', 'count': 7}, {'name': 'electronic', 'count': 1}, {'name': 'electropop', 'count': 11}, {'name': 'indie pop', 'count': 2}, {'name': 'pity pop', 'count': 3}, {'name': 'pop', 'count': 6}, {'name': 'pop rock', 'count': 1}, {'count': 1, 'name': 'queer'}, {'count': 3, 'name': 'singer-songwriter'}]"
Khalid,US,Person,Male,"{'votes-count': 0, 'value': None}","[{'name': 'contemporary r&b', 'count': 3}, {'count': 1, 'name': 'hip hop'}, {'count': 1, 'name': 'leftfield'}, {'name': 'pop', 'count': 2}, {'name': 'r&b', 'count': 3}, {'name': 'singer-songwriter', 'count': 1}]"
Metro Boomin,US,Person,Male,"{'value': None, 'votes-count': 0}","[{'count': 3, 'name': 'hip hop'}, {'count': 2, 'name': 'trap'}]"
Kendrick Lamar,US,Person,Male,"{'value': 4.1, 'votes-count': 9}","[{'name': 'alternative hip hop', 'count': 1}, {'count': 8, 'name': 'conscious hip hop'}, {'name': 'hardcore hip hop', 'count': 4}, {'count': 13, 'name': 'hip hop'}, {'name': 'jazz rap', 'count': 7}, {'count': 3, 'name': 'pop'}, {'name': 'pop rap', 'count': 2}, {'count': 3, 'name': 'rap'}, {'count': 1, 'name': 'trap'}, {'count': 6, 'name': 'west coast hip hop'}]"
